baseline_stop_probability,optional_probability,policy,episodes,success_rate,mean_tokens,token_efficiency,termination_overrun_ratio,goal_drift_rate,lpi
0.05,0.1,baseline,1800,1.0,21698.064444444444,0.07785482350573264,0.658256595799275,0.7217964169745268,71.7696040599584
0.05,0.1,gec,1800,1.0,4059.7105555555554,0.2586616806940586,0.0,0.0,4.001864927287056
0.05,0.28,baseline,1800,1.0,23279.908888888887,0.07040756326581896,0.6134510281801376,0.7550844223129586,72.59160317776484
0.05,0.28,gec,1800,1.0,4119.204444444445,0.2558498630602274,0.0,0.0,4.3134131650364544
0.05,0.5,baseline,1800,1.0,25558.016111111112,0.05780348671178719,0.5359905748297812,0.8009862485629682,73.69703208970745
0.05,0.5,gec,1800,1.0,4256.845,0.24745294618119332,0.0,0.0,5.361018871159441
0.12,0.1,baseline,1800,1.0,11530.231666666667,0.1212146407194588,0.4780559583023089,0.5623994095634086,55.000528578498795
0.12,0.1,gec,1800,1.0,4051.487222222222,0.2593908767687884,0.0,0.0,3.904006211160659
0.12,0.28,baseline,1800,1.0,13186.52611111111,0.10424401845263026,0.4411700393731647,0.6330242147292315,58.61038588383007
0.12,0.28,gec,1800,1.0,4128.368333333333,0.2549347587168962,0.0,0.0,4.499827470930698
0.12,0.5,baseline,1800,1.0,16036.199444444444,0.08327609185794924,0.36459682485112466,0.7127795804295038,62.15210201699385
0.12,0.5,gec,1800,1.0,4206.1611111111115,0.24969558879134013,0.0,0.0,5.157524122493501
0.25,0.1,baseline,1800,1.0,7349.358888888889,0.1647228958524122,0.29894300416604075,0.39843270650692636,37.75443766817202
0.25,0.1,gec,1800,1.0,4061.1855555555558,0.2591231919505547,0.0,0.0,3.9347474259208792
0.25,0.28,baseline,1800,1.0,8760.785555555556,0.14070522948240755,0.2680566354647467,0.4969302922655327,43.38786461310985
0.25,0.28,gec,1800,1.0,4117.41,0.2552590462547721,0.0,0.0,4.398492526981473
0.25,0.5,baseline,1800,1.0,11768.144444444444,0.10587382358001501,0.21573227672296932,0.6309472583964932,51.432028611167965
0.25,0.5,gec,1800,1.0,4222.344444444445,0.24850285541190814,0.0,0.0,5.024523303541944
0.5,0.1,baseline,1800,1.0,5610.902777777777,0.2009607471415138,0.15106115700394832,0.2546326790493457,23.740900219320498
0.5,0.1,gec,1800,1.0,4031.095,0.26104699291019884,0.0,0.0,3.7833503471414787
0.5,0.28,baseline,1800,1.0,6974.362222222222,0.16623810762396415,0.1307059694383923,0.3927604259799177,31.852894110680797
0.5,0.28,gec,1800,1.0,4146.438888888889,0.2531270391057853,0.0,0.0,4.613569037092364
0.5,0.5,baseline,1800,1.0,10162.028333333334,0.12213417256933795,0.0937429922467368,0.5685725488710194,43.05237076733496
0.5,0.5,gec,1800,1.0,4246.781666666667,0.24811109749512897,0.0,0.0,5.308220437847395
