budget,policy,n,success,success_ci95,verified_utility,verified_utility_ci95,total_tokens,total_tokens_ci95,tokens_to_first_completion,tokens_to_first_completion_ci95,direct_useful_token_ratio,direct_useful_token_ratio_ci95,process_useful_token_ratio,process_useful_token_ratio_ci95,token_efficiency,token_efficiency_ci95,termination_overrun_ratio,termination_overrun_ratio_ci95,precompletion_goal_drift_rate,precompletion_goal_drift_rate_ci95,gross_complexity_accretion_index,gross_complexity_accretion_index_ci95,net_complexity_index,net_complexity_index_ci95,executive_persistence_index,executive_persistence_index_ci95,executed_actions,executed_actions_ci95,rejected_actions,rejected_actions_ci95
3000,budget_only,900,0.0,0.0,0.14972222222222223,0.011890236098165778,2772.8722222222223,14.654173321068582,nan,nan,0.1874349221124734,0.015283550134720362,0.27973172990170986,0.01834415269447227,0.054441355527827126,0.004353645608970957,0.0,0.0,0.25477777777777777,0.016667247154065215,0.15594188176805418,0.009013748346949716,0.15594188176805418,0.009013748346949716,35.465705177167706,0.9627234050565479,3.131111111111111,0.06347289211205279,0.0,0.0
3000,gec,900,0.0,0.0,0.22629629629629627,0.013963180624603291,2942.801111111111,2.2729174770187397,nan,nan,0.24415918638905243,0.015319897597653533,0.30448642826239936,0.016825873427280084,0.07692129250682891,0.004746073584345393,0.0,0.0,0.0,0.0,0.028327777777777778,0.0006055438071517811,0.028327777777777778,0.0006055438071517811,28.103820647281804,0.6713656941134263,3.687777777777778,0.06548814599889653,11.09,0.2956182612611267
4000,budget_only,900,0.0,0.0,0.1809259259259259,0.012880386315714564,3769.8722222222223,14.46236689043126,nan,nan,0.16736662568255753,0.012340276415709785,0.2641855828663717,0.016344252016575207,0.04773321742000256,0.003401748946473138,0.0,0.0,0.2596402116402116,0.014692937049876226,0.20664838564046106,0.010648560604838384,0.20664838564046106,0.010648560604838384,36.69186477455398,0.8632972108806288,4.118888888888889,0.07667683977221161,0.0,0.0
4000,gec,900,0.0077777777777777776,0.005742598663022779,0.30898148148148147,0.0157507891913939,3941.2733333333335,2.7459154506040915,3710.285714285714,108.45281124372326,0.25322316630202635,0.013450495444596852,0.31502178968552136,0.01569734468410058,0.07849162755921715,0.00402249894200476,0.0,0.0,0.0,0.0,0.03838240740740741,0.0007080872214394391,0.03838240740740741,0.0007080872214394391,27.78295248665322,0.6262530932494728,4.851111111111111,0.0749790248884581,13.315555555555555,0.35210988530884396
5000,budget_only,900,0.0011111111111111111,0.0021777777777777776,0.2323148148148148,0.014131340159380909,4778.322222222222,14.356892579976613,4839.0,0.0,0.17101392149750394,0.0107000757544816,0.2640881236665455,0.01440005058031442,0.04852713959117118,0.002947950798410431,0.0,0.0,0.27282451499118165,0.013410708145946963,0.26495964849555126,0.012080762771915969,0.26495964849555126,0.012080762771915969,37.54073243265124,0.7828972072948693,5.0744444444444445,0.08578720769548609,0.0,0.0
5000,gec,900,0.03222222222222222,0.01154361390135793,0.3821296296296296,0.016950900498798778,4923.737777777777,8.539490798644481,4401.206896551724,170.67583705544817,0.2541093663728133,0.012060699001215033,0.32335112039178404,0.014634835090393285,0.07822907599415943,0.0035928748598785644,0.0,0.0,0.0,0.0,0.04788518518518519,0.0007600382780212979,0.04788518518518519,0.0007600382780212979,27.544807036180494,0.5841112331366743,5.952222222222222,0.08641951329482381,16.067777777777778,0.42027300294787573
6000,budget_only,900,0.0044444444444444444,0.004348282148495295,0.2725,0.014975197679644569,5776.025555555556,14.457173914902109,5474.0,537.5172696760542,0.16649823163488003,0.009432904580861767,0.26543431707252346,0.013297705134183843,0.04718545799348635,0.002600233904044751,8.038585209003216e-05,0.00015755627009646298,0.27094973544973544,0.012216667330937408,0.3173184061590864,0.013634849011441463,0.3173184061590864,0.013634849011441463,37.97120403330877,0.7275345424825591,6.0377777777777775,0.09609106677319416,0.0,0.0
6000,gec,900,0.07111111111111111,0.016800679296153642,0.4646296296296296,0.017865217695768643,5879.03,19.48207116741749,5057.859375,175.9039004438584,0.2637495893324083,0.011342238041017387,0.3348358294302793,0.014144780439077773,0.08060011024213938,0.003393942014711066,0.0,0.0,0.0,0.0,0.05788055555555556,0.0008218791012191713,0.05788055555555556,0.0008218791012191713,27.185372378344383,0.5654790185160019,6.995555555555556,0.09788443508128053,18.725555555555555,0.49888473526365434
8000,budget_only,900,0.016666666666666666,0.008368564753594293,0.3461111111111111,0.016162709509960276,7758.093333333333,16.385510288166312,6922.533333333334,502.2905479784031,0.1577816815353783,0.007613387546314874,0.2665663977885924,0.012133108226808142,0.04467096473184812,0.00210498966545205,0.0014272575325432588,0.0011390922910238669,0.27538481580148244,0.010515783503786912,0.43020414496309173,0.01626053218954216,0.43020414496309173,0.01626053218954216,39.156477884543484,0.6796900632509343,8.03,0.11555195578280146,0.0,0.0
8000,gec,900,0.22444444444444445,0.0272732637295051,0.5995370370370371,0.019444559317970456,7604.321111111111,53.730085789840544,6436.019801980198,154.32363009483632,0.27478033194732926,0.011188105402949238,0.359189282973241,0.01425520236388993,0.08340576361818414,0.0033853321242986595,0.0,0.0,0.0,0.0,0.07502314814814816,0.0009851950007045938,0.07502314814814816,0.0009851950007045938,26.382660162551844,0.5727604961038835,8.902222222222223,0.1248580574204498,23.11,0.6115940648669241
12000,budget_only,900,0.06888888888888889,0.01655585332345553,0.4761111111111111,0.017197721613510537,11729.511111111111,28.437904069437124,9597.338709677419,449.3936751253788,0.14423718798886556,0.0054790033429015315,0.27393188192871903,0.01028712230322835,0.040913577606872725,0.0015579040899483857,0.00909649229519512,0.003206934148645341,0.2757781363564387,0.008536679099066191,0.6297106766171683,0.019218722299489815,0.6297106766171683,0.019218722299489815,40.93650020987063,0.5696276419099437,11.87,0.14616759251614275,0.0,0.0
12000,gec,900,0.5411111111111111,0.032574159793285255,0.7928703703703704,0.017110045337709857,10060.124444444444,149.99497120136553,8465.207392197126,181.8971596878301,0.2981356791480105,0.010680935196980861,0.39866032726857464,0.013498041229253372,0.08965531966482865,0.0032740332115053106,0.0,0.0,0.0,0.0,0.09922037037037038,0.0015799548873275254,0.09922037037037038,0.0015799548873275254,25.04579061296072,0.5511021236125757,11.475555555555555,0.19985569776569803,29.41888888888889,0.8572848101157033
20000,budget_only,900,0.2611111111111111,0.028712993315113896,0.6657407407407407,0.01690364186861984,19288.442222222224,112.05264502289329,14806.331914893617,474.3359123564523,0.1255610267118397,0.003969043263403488,0.2899416609518032,0.008671590694506296,0.035678960672640446,0.0011781061899950919,0.04528746947288794,0.007366288229173487,0.2736777488501077,0.006768930573444485,1.01833084708447,0.024727160534829564,1.01833084708447,0.024727160534829564,43.82627792825535,0.4587723039112311,19.203333333333333,0.22184833513406188,0.0,0.0
20000,gec,900,0.87,0.0219840411325154,0.9493518518518518,0.009252768532898996,12179.03,306.11614550339596,11053.989782886334,274.606097572063,0.3159311732048362,0.009765560313172845,0.4303416089217563,0.01195283274721856,0.09450784107472728,0.003023178170891041,0.0,0.0,0.0,0.0,0.11952222222222222,0.0028852248271954055,0.11952222222222222,0.0028852248271954055,23.98155786535197,0.5019233536268409,13.6,0.32671753404474685,34.57555555555555,1.1483949614175994
40000,budget_only,900,0.6866666666666666,0.030321627472350385,0.8901851851851852,0.011329803352980384,32185.166666666668,535.121379988869,23935.765372168284,677.4398429348762,0.11147135290887179,0.0037483024907875324,0.3196927375227206,0.00710022777384785,0.03164062039605914,0.0011382217860358567,0.12737524898198976,0.010906465570441688,0.2708007623611573,0.005839813643400809,1.6463743773351098,0.040247278849692016,1.6463743773351098,0.040247278849692016,46.02309791920543,0.4223726872554172,31.357777777777777,0.5123672829248744,0.0,0.0
40000,gec,900,0.9633333333333334,0.012285709292675194,0.9887962962962963,0.003872144798787271,12741.292222222222,384.9479245756428,12308.549019607843,361.8056094298469,0.32014599619747036,0.009420975813802948,0.43836686509024464,0.011341607760934312,0.0955522579110675,0.002933885961126809,0.0,0.0,0.0,0.0,0.12466574074074076,0.0035598615752793646,0.12466574074074076,0.0035598615752793646,23.71198280379762,0.48072918281638105,14.167777777777777,0.3904566841473023,35.355555555555554,1.2036545262758165
