scenario,policy,n,total_tokens_mean,useful_token_ratio_mean,token_efficiency_mean,termination_overrun_ratio_mean,goal_drift_rate_mean,complexity_accretion_index_mean,llm_parkinsonism_index_mean,executed_actions_mean,rejected_actions_mean
watchdog,baseline,2000,12899.7825,0.40351633595963304,0.09958376675797113,0.37661790740777795,0.5930170154715398,0.7985176045710898,53.653779003345065,14.22,0.0
watchdog,budget_only,2000,12959.1715,0.3990759295611061,0.0981625109108177,0.3882320006113147,0.6001653190221086,0.8086318836585669,54.50985661425234,14.284,0.0
watchdog,gec,2000,4655.252,0.8923582629799328,0.22055630036524246,0.0,0.0,0.05526875,4.596492045702354,4.4215,1.2175
api_release,baseline,2000,13704.6115,0.37367815458844356,0.1033233201732424,0.4410238620135014,0.6251796698886225,1.0250374073276247,58.2695273342519,12.7625,0.0
api_release,budget_only,2000,13678.687,0.36248463466237163,0.09968832619333907,0.4453180946976514,0.6344559448661953,1.0163528824032302,59.162355126452674,12.751,0.0
api_release,gec,2000,4159.4915,0.9028946661874558,0.25008934741561795,0.0,0.0,0.055325,4.228561683439044,3.3195,0.885
database_migration,baseline,2000,15409.033,0.3693105227888455,0.09084896469022033,0.44173032025052783,0.6301091212378706,1.0285778162021624,58.58552004260676,12.817,0.0
database_migration,budget_only,2000,15137.5395,0.36837857403871405,0.08988945264726023,0.4424869935702694,0.6313803867107257,1.0187457027940752,58.72712295726412,12.5985,0.0
database_migration,gec,2000,4655.967,0.9026929697120099,0.22314748617934851,0.0,0.0,0.055425,4.237121060079655,3.3255,0.9235
ci_pipeline,baseline,2000,10843.702,0.36693173091885095,0.12678222490539778,0.44851688340560303,0.6327026267240444,1.0135121755263792,58.8835784806938,12.686,0.0
ci_pipeline,budget_only,2000,10828.863,0.36350228076107594,0.12584920956546458,0.4479421862238372,0.6372145193739936,1.0121867470017363,59.2172171477644,12.6745,0.0
ci_pipeline,gec,2000,3376.7305,0.8884942956953499,0.307989125802407,0.0,0.0,0.05588333333333334,4.740949650662751,3.353,0.947
backup_restore,baseline,2000,12481.3915,0.37064685580852497,0.110854236165505,0.44458410338824883,0.628597286708255,1.0022348277835051,58.550105699589594,12.672,0.0
backup_restore,budget_only,2000,12337.93,0.37209644324322966,0.11140595514719726,0.44207287880041424,0.6291910946713007,1.0001507978688151,58.41354027919243,12.5275,0.0
backup_restore,gec,2000,3847.7755,0.89574197162162,0.2705592574842698,0.0,0.0,0.05565,4.4837809932432995,3.339,0.9225
research_pipeline,baseline,2000,12901.2095,0.3724551031727025,0.1064650527532732,0.44330930609977937,0.6273434690281828,1.0073050410273532,58.41600316912112,12.5405,0.0
research_pipeline,budget_only,2000,13137.945,0.36693334428337937,0.10536665249332135,0.4472125822946145,0.6320894384195297,1.0248769959510462,58.935911951185,12.78,0.0
research_pipeline,gec,2000,4028.6035,0.8935466844747246,0.2588558145545524,0.0,0.0,0.05585,4.563616043384637,3.351,0.93
